{
    "rmse": 0.726198877370691,
    "mae": 0.5664372753102085,
    "r2": 0.2158144096736776
}